Customer_ID,Last_Purchase,Recency,Frequency,Monetary,R_Score,F_Score,M_Score,RFM_Score,Segment
5001,2025-03-17,289,5,4776.128000000001,1,3,2,6,At Risk
5002,2025-11-15,46,3,2146.94,4,1,1,6,At Risk
5003,2025-09-13,109,5,6494.378,3,3,3,9,Potential Loyalists
5004,2025-08-16,137,5,10147.122,2,3,4,9,Potential Loyalists
5005,2024-11-26,400,3,5348.538999999999,1,1,2,4,Lost Customers
5006,2025-11-06,55,6,13796.748,4,3,5,12,Loyal Customers
5007,2025-12-03,28,3,6591.789999999999,5,1,3,9,Potential Loyalists
5008,2025-10-07,85,4,2788.48,3,2,1,6,At Risk
5009,2025-06-25,189,3,5010.5560000000005,2,1,2,5,At Risk
5010,2024-11-22,404,5,13733.9675,1,3,5,9,Potential Loyalists
5011,2024-11-26,400,2,1206.086,1,1,1,3,Lost Customers
5012,2025-09-03,119,4,4566.1685,3,2,2,7,Potential Loyalists
5013,2025-09-28,94,5,3688.4185,3,3,2,8,Potential Loyalists
5014,2025-10-27,65,6,10916.8755,4,3,4,11,Loyal Customers
5015,2025-12-30,1,7,5941.563,5,4,2,11,Loyal Customers
5016,2025-07-10,174,4,1727.6965,2,2,1,5,At Risk
5017,2025-12-21,10,10,8849.4115,5,5,3,13,Champions
5018,2025-12-06,25,5,11091.100999999999,5,3,4,12,Loyal Customers
5019,2024-12-11,385,5,1984.849,1,3,1,5,At Risk
5020,2025-12-23,8,6,11406.996,5,3,4,12,Loyal Customers
5021,2025-10-06,86,4,3508.928,3,2,1,6,At Risk
5022,2025-12-05,26,3,5211.906,5,1,2,8,Potential Loyalists
5023,2025-10-04,88,3,3071.9300000000003,3,1,1,5,At Risk
5024,2025-12-20,11,9,29186.713499999998,5,5,5,15,Champions
5025,2025-04-30,245,5,7757.778,1,3,3,7,Potential Loyalists
5026,2025-01-26,339,2,3018.2365,1,1,1,3,Lost Customers
5027,2025-10-01,91,7,12947.202,3,4,5,12,Loyal Customers
5028,2025-03-17,289,5,6171.48,1,3,3,7,Potential Loyalists
5029,2025-11-19,42,5,7211.4195,4,3,3,10,Loyal Customers
5030,2025-10-31,61,5,9796.24,4,3,4,11,Loyal Customers
5031,2025-09-12,110,5,8365.368999999999,3,3,3,9,Potential Loyalists
5032,2025-07-14,170,4,5822.52,2,2,2,6,At Risk
5033,2025-10-26,66,6,15860.578999999998,4,3,5,12,Loyal Customers
5034,2025-11-25,36,6,12395.117,4,3,4,11,Loyal Customers
5035,2025-10-19,73,5,13372.097000000002,4,3,5,12,Loyal Customers
5036,2025-11-11,50,9,20810.392,4,5,5,14,Champions
5037,2025-12-25,6,5,11205.289499999999,5,3,4,12,Loyal Customers
5038,2025-11-26,35,8,12982.082999999999,4,5,5,14,Champions
5039,2025-06-14,200,6,9073.394499999999,2,3,3,8,Potential Loyalists
5040,2025-11-01,60,5,6677.923000000001,4,3,3,10,Loyal Customers
5041,2025-12-15,16,2,287.802,5,1,1,7,Potential Loyalists
5042,2025-04-21,254,6,17015.267,1,3,5,9,Potential Loyalists
5043,2025-04-14,261,5,4466.389999999999,1,3,2,6,At Risk
5044,2025-12-31,0,6,8867.5765,5,3,3,11,Loyal Customers
5045,2025-08-11,142,2,926.028,2,1,1,4,Lost Customers
5046,2025-09-21,101,6,4752.5205,3,3,2,8,Potential Loyalists
5047,2025-10-05,87,7,17291.337,3,4,5,12,Loyal Customers
5048,2025-10-07,85,2,3299.133,3,1,1,5,At Risk
5049,2025-11-01,60,5,1735.52,4,3,1,8,Potential Loyalists
5050,2024-12-13,383,5,11802.428500000002,1,3,4,8,Potential Loyalists
5051,2025-08-01,152,4,11568.899,2,2,4,8,Potential Loyalists
5052,2025-10-12,80,11,14703.0915,3,5,5,13,Champions
5053,2025-12-05,26,4,11449.414999999999,5,2,4,11,Loyal Customers
5054,2025-09-26,96,4,4868.827,3,2,2,7,Potential Loyalists
5055,2025-05-22,223,8,14257.9755,2,5,5,12,Loyal Customers
5056,2025-05-12,233,10,9426.947,1,5,4,10,Loyal Customers
5057,2025-10-31,61,5,7010.184499999999,4,3,3,10,Loyal Customers
5058,2025-11-10,51,3,4412.418,4,1,2,7,Potential Loyalists
5059,2025-10-16,76,6,7222.3460000000005,4,3,3,10,Loyal Customers
5060,2025-07-25,159,5,19248.01,2,3,5,10,Loyal Customers
5061,2025-09-26,96,6,11460.335,3,3,4,10,Loyal Customers
5062,2025-07-09,175,5,7400.952,2,3,3,8,Potential Loyalists
5063,2025-12-20,11,6,6674.892,5,3,3,11,Loyal Customers
5064,2025-10-20,72,4,10323.318,4,2,4,10,Loyal Customers
5065,2025-12-25,6,3,3541.809,5,1,1,7,Potential Loyalists
5066,2025-10-26,66,8,12450.978,4,5,4,13,Champions
5067,2025-03-31,275,2,4334.719999999999,1,1,2,4,Lost Customers
5068,2025-08-25,128,6,6414.807,3,3,3,9,Potential Loyalists
5069,2025-09-30,92,3,776.3919999999999,3,1,1,5,At Risk
5070,2025-09-25,97,1,2474.82,3,1,1,5,At Risk
5071,2025-10-13,79,3,6057.969999999999,3,1,2,6,At Risk
5072,2025-07-20,164,3,5334.921,2,1,2,5,At Risk
5073,2025-09-28,94,5,11463.343,3,3,4,10,Loyal Customers
5074,2025-03-21,285,2,2187.1949999999997,1,1,1,3,Lost Customers
5075,2025-09-17,105,3,9236.725999999999,3,1,4,8,Potential Loyalists
5076,2025-10-23,69,6,16754.449,4,3,5,12,Loyal Customers
5077,2025-11-13,48,10,11956.107,4,5,4,13,Champions
5078,2025-09-24,98,4,2928.9305,3,2,1,6,At Risk
5079,2025-12-03,28,5,10355.068,5,3,4,12,Loyal Customers
5080,2024-08-13,505,2,2969.1789999999996,1,1,1,3,Lost Customers
5081,2025-12-24,7,6,10164.5445,5,3,4,12,Loyal Customers
5082,2024-08-05,513,3,2047.559,1,1,1,3,Lost Customers
5083,2025-05-19,226,7,5385.22,1,4,2,7,Potential Loyalists
5084,2025-12-01,30,6,5977.5825,5,3,2,10,Loyal Customers
5085,2025-12-20,11,5,7796.139999999999,5,3,3,11,Loyal Customers
5086,2025-07-09,175,5,5564.98,2,3,2,7,Potential Loyalists
5087,2025-10-25,67,8,15451.991,4,5,5,14,Champions
5088,2025-05-30,215,5,7240.258,2,3,3,8,Potential Loyalists
5089,2025-12-18,13,8,9191.886,5,5,3,13,Champions
5090,2025-10-26,66,5,9002.0965,4,3,3,10,Loyal Customers
5091,2025-09-28,94,4,6561.416,3,2,3,8,Potential Loyalists
5092,2025-01-30,335,5,10921.118,1,3,4,8,Potential Loyalists
5093,2025-11-30,31,8,7235.827,5,5,3,13,Champions
5094,2025-02-10,324,3,14732.1705,1,1,5,7,Potential Loyalists
5095,2025-04-19,256,4,4790.991,1,2,2,5,At Risk
5096,2025-07-31,153,4,5333.527,2,2,2,6,At Risk
5097,2025-12-05,26,6,5864.9310000000005,5,3,2,10,Loyal Customers
5098,2025-07-23,161,7,11739.8225,2,4,4,10,Loyal Customers
5099,2025-10-13,79,2,2191.68,3,1,1,5,At Risk
5100,2025-06-28,186,6,10872.639,2,3,4,9,Potential Loyalists
5101,2025-12-27,4,2,2918.05,5,1,1,7,Potential Loyalists
5102,2025-10-23,69,5,13021.682999999999,4,3,5,12,Loyal Customers
5103,2025-09-19,103,6,6730.478999999999,3,3,3,9,Potential Loyalists
5104,2025-05-30,215,4,12002.658,2,2,4,8,Potential Loyalists
5105,2025-10-14,78,7,14582.825,3,4,5,12,Loyal Customers
5106,2025-06-25,189,5,11964.987000000001,2,3,4,9,Potential Loyalists
5107,2024-09-27,460,2,931.03,1,1,1,3,Lost Customers
5108,2025-04-07,268,4,2630.8315,1,2,1,4,Lost Customers
5109,2025-07-28,156,4,9326.803,2,2,4,8,Potential Loyalists
5110,2025-12-06,25,7,5551.845499999999,5,4,2,11,Loyal Customers
5111,2025-10-22,70,8,9260.445,4,5,4,13,Champions
5112,2025-11-01,60,8,11454.166000000001,4,5,4,13,Champions
5113,2025-05-26,219,3,4781.493,2,1,2,5,At Risk
5114,2025-11-23,38,3,4161.35,4,1,2,7,Potential Loyalists
5115,2025-09-03,119,9,19639.0345,3,5,5,13,Champions
5116,2024-12-16,380,3,2420.562,1,1,1,3,Lost Customers
5117,2025-10-24,68,7,11426.76,4,4,4,12,Loyal Customers
5118,2025-07-13,171,7,17084.5485,2,4,5,11,Loyal Customers
5119,2025-10-13,79,2,1151.917,3,1,1,5,At Risk
5120,2025-11-30,31,6,13831.975,5,3,5,13,Champions
5121,2025-08-08,145,11,8504.863,2,5,3,10,Loyal Customers
5122,2025-08-21,132,4,7736.2164999999995,2,2,3,7,Potential Loyalists
5123,2025-08-19,134,3,15984.024,2,1,5,8,Potential Loyalists
5124,2025-12-16,15,4,12000.068,5,2,4,11,Loyal Customers
5125,2025-12-14,17,3,4467.643999999999,5,1,2,8,Potential Loyalists
5126,2025-11-05,56,5,6993.424000000001,4,3,3,10,Loyal Customers
5128,2025-09-13,109,3,3544.2990000000004,3,1,1,5,At Risk
5129,2025-09-25,97,4,1613.986,3,2,1,6,At Risk
5130,2025-11-15,46,7,9150.228,4,4,3,11,Loyal Customers
5131,2025-12-01,30,7,7431.952,5,4,3,12,Loyal Customers
5132,2025-04-27,248,6,10399.56,1,3,4,8,Potential Loyalists
5133,2025-09-23,99,10,16376.228000000001,3,5,5,13,Champions
5134,2025-08-26,127,6,1831.3725,3,3,1,7,Potential Loyalists
5135,2025-10-01,91,4,8628.32,3,2,3,8,Potential Loyalists
5136,2025-05-28,217,1,611.64,2,1,1,4,Lost Customers
5137,2025-10-20,72,6,12794.865,4,3,5,12,Loyal Customers
5138,2025-09-12,110,6,7013.0455,3,3,3,9,Potential Loyalists
5139,2025-11-16,45,3,5556.184,4,1,2,7,Potential Loyalists
5140,2024-10-15,442,2,610.39,1,1,1,3,Lost Customers
5141,2025-08-17,136,6,8280.528,2,3,3,8,Potential Loyalists
5142,2025-07-27,157,2,1663.0349999999999,2,1,1,4,Lost Customers
5144,2025-12-06,25,6,3583.1984999999995,5,3,1,9,Potential Loyalists
5145,2025-07-23,161,6,12023.144,2,3,4,9,Potential Loyalists
5146,2025-10-27,65,6,17108.548499999997,4,3,5,12,Loyal Customers
5147,2025-09-20,102,10,30115.521500000003,3,5,5,13,Champions
5148,2025-05-29,216,1,2418.738,2,1,1,4,Lost Customers
5149,2025-06-05,209,8,14208.0005,2,5,5,12,Loyal Customers
5150,2025-11-15,46,4,10988.1435,4,2,4,10,Loyal Customers
5151,2024-04-26,614,1,720.48,1,1,1,3,Lost Customers
5152,2025-11-25,36,9,10755.967499999999,4,5,4,13,Champions
5153,2025-11-07,54,7,6212.317,4,4,3,11,Loyal Customers
5154,2025-11-21,40,4,7242.6285,4,2,3,9,Potential Loyalists
5155,2025-08-19,134,6,7699.201499999999,2,3,3,8,Potential Loyalists
5156,2025-11-15,46,6,10575.93,4,3,4,11,Loyal Customers
5157,2025-11-19,42,3,4243.3144999999995,4,1,2,7,Potential Loyalists
5158,2025-12-20,11,6,5274.3240000000005,5,3,2,10,Loyal Customers
5159,2025-06-10,204,2,1378.998,2,1,1,4,Lost Customers
5160,2025-09-04,118,4,6229.203999999999,3,2,3,8,Potential Loyalists
5161,2025-12-15,16,3,1132.6999999999998,5,1,1,7,Potential Loyalists
5162,2025-01-07,358,4,6132.483,1,2,2,5,At Risk
5163,2025-09-05,117,3,2761.9385,3,1,1,5,At Risk
5164,2025-10-30,62,4,4283.8414999999995,4,2,2,8,Potential Loyalists
5165,2025-12-27,4,4,4830.201,5,2,2,9,Potential Loyalists
5166,2025-09-26,96,2,874.6614999999999,3,1,1,5,At Risk
5167,2025-04-23,252,3,4748.969999999999,1,1,2,4,Lost Customers
5168,2025-08-09,144,2,1588.0140000000001,2,1,1,4,Lost Customers
5169,2025-11-06,55,4,5353.171,4,2,2,8,Potential Loyalists
5170,2025-04-10,265,5,4905.409,1,3,2,6,At Risk
5171,2025-12-23,8,8,22753.5455,5,5,5,15,Champions
5172,2025-10-27,65,6,9532.6705,4,3,4,11,Loyal Customers
5173,2025-02-14,320,5,3603.63,1,3,2,6,At Risk
5174,2025-07-10,174,5,13173.9775,2,3,5,10,Loyal Customers
5175,2024-11-25,401,2,1171.8200000000002,1,1,1,3,Lost Customers
5176,2025-11-03,58,6,11076.984500000002,4,3,4,11,Loyal Customers
5177,2025-11-19,42,8,11337.6975,4,5,4,13,Champions
5178,2025-12-11,20,8,10645.719000000001,5,5,4,14,Champions
5179,2025-10-05,87,6,16098.255000000001,3,3,5,11,Loyal Customers
5180,2025-08-11,142,3,5024.411,2,1,2,5,At Risk
5181,2024-01-23,708,1,1091.412,1,1,1,3,Lost Customers
5182,2025-10-09,83,7,10537.171,3,4,4,11,Loyal Customers
5183,2024-09-01,486,2,4557.089000000001,1,1,2,4,Lost Customers
5184,2025-11-22,39,2,2293.1684999999998,4,1,1,6,At Risk
5185,2024-10-19,438,1,3018.915,1,1,1,3,Lost Customers
5186,2025-09-20,102,3,5380.361999999999,3,1,2,6,At Risk
5187,2025-07-14,170,3,10997.140000000001,2,1,4,7,Potential Loyalists
5188,2025-05-23,222,4,3575.459,2,2,1,5,At Risk
5189,2025-10-22,70,3,6369.936,4,1,3,8,Potential Loyalists
5190,2024-12-13,383,3,4042.3835,1,1,2,4,Lost Customers
5191,2025-08-09,144,5,2542.867,2,3,1,6,At Risk
5193,2025-12-12,19,7,18307.9965,5,4,5,14,Champions
5194,2025-10-03,89,6,18386.55,3,3,5,11,Loyal Customers
5195,2025-03-14,292,2,4559.25,1,1,2,4,Lost Customers
5196,2025-07-03,181,5,8808.7065,2,3,3,8,Potential Loyalists
5197,2025-11-28,33,4,5905.9839999999995,4,2,2,8,Potential Loyalists
5198,2025-09-09,113,8,7541.6925,3,5,3,11,Loyal Customers
5199,2025-03-31,275,4,9884.059000000001,1,2,4,7,Potential Loyalists
5200,2025-12-26,5,3,1543.694,5,1,1,7,Potential Loyalists
5201,2025-08-21,132,3,4535.7475,2,1,2,5,At Risk
5202,2025-10-30,62,4,6250.3485,4,2,3,9,Potential Loyalists
5203,2025-10-20,72,5,14472.636,4,3,5,12,Loyal Customers
5204,2025-11-12,49,6,8335.6765,4,3,3,10,Loyal Customers
5205,2025-05-22,223,5,15127.055999999999,2,3,5,10,Loyal Customers
5206,2025-09-10,112,5,6416.442,3,3,3,9,Potential Loyalists
5207,2025-12-07,24,10,9790.484,5,5,4,14,Champions
5208,2025-08-29,124,5,6185.317,3,3,3,9,Potential Loyalists
5209,2025-01-08,357,5,10983.7725,1,3,4,8,Potential Loyalists
5210,2024-11-13,413,2,6860.4130000000005,1,1,3,5,At Risk
5211,2025-12-30,1,4,3479.0119999999997,5,2,1,8,Potential Loyalists
5212,2025-06-27,187,3,10505.878499999999,2,1,4,7,Potential Loyalists
5213,2025-06-26,188,4,4778.189,2,2,2,6,At Risk
5214,2024-09-04,483,1,364.45,1,1,1,3,Lost Customers
5215,2025-11-23,38,8,17389.9675,4,5,5,14,Champions
5216,2025-10-26,66,4,6307.224,4,2,3,9,Potential Loyalists
5217,2025-12-02,29,7,13589.131,5,4,5,14,Champions
5218,2025-06-21,193,4,7070.221,2,2,3,7,Potential Loyalists
5219,2025-09-15,107,4,13393.666,3,2,5,10,Loyal Customers
5220,2025-06-20,194,7,9397.062,2,4,4,10,Loyal Customers
5221,2025-11-08,53,10,14294.990000000002,4,5,5,14,Champions
5222,2025-11-08,53,4,9764.9245,4,2,4,10,Loyal Customers
5223,2025-07-01,183,4,2130.5519999999997,2,2,1,5,At Risk
5224,2025-09-24,98,5,6234.657999999999,3,3,3,9,Potential Loyalists
5225,2025-12-31,0,10,22075.505,5,5,5,15,Champions
5226,2025-04-01,274,4,1701.917,1,2,1,4,Lost Customers
5227,2025-04-07,268,6,12659.319,1,3,4,8,Potential Loyalists
5228,2025-08-06,147,3,4764.352,2,1,2,5,At Risk
5229,2025-10-28,64,8,11778.983,4,5,4,13,Champions
5230,2025-12-01,30,3,6851.0175,5,1,3,9,Potential Loyalists
5231,2025-12-16,15,8,24305.225,5,5,5,15,Champions
5232,2025-01-05,360,2,6647.3099999999995,1,1,3,5,At Risk
5233,2025-12-16,15,7,12611.2145,5,4,4,13,Champions
5234,2025-10-08,84,4,4851.916499999999,3,2,2,7,Potential Loyalists
5235,2025-11-30,31,7,11116.560000000001,5,4,4,13,Champions
5236,2025-05-08,237,2,2477.7200000000003,1,1,1,3,Lost Customers
5237,2025-09-19,103,8,15993.151,3,5,5,13,Champions
5238,2025-12-06,25,3,7103.2164999999995,5,1,3,9,Potential Loyalists
5239,2025-12-10,21,5,3841.284,5,3,2,10,Loyal Customers
5240,2025-09-26,96,5,3952.3395,3,3,2,8,Potential Loyalists
5241,2025-06-13,201,4,5124.87,2,2,2,6,At Risk
5242,2025-10-21,71,5,7438.586,4,3,3,10,Loyal Customers
5243,2025-05-28,217,5,2713.4515,2,3,1,6,At Risk
5244,2025-09-04,118,4,7158.3745,3,2,3,8,Potential Loyalists
5245,2025-01-07,358,4,3017.986,1,2,1,4,Lost Customers
5246,2025-02-15,319,3,3383.538,1,1,1,3,Lost Customers
5247,2025-10-21,71,6,10240.632,4,3,4,11,Loyal Customers
5248,2025-10-05,87,8,14359.6205,3,5,5,13,Champions
5249,2025-03-09,297,3,7158.741,1,1,3,5,At Risk
5250,2025-09-10,112,4,9279.8835,3,2,4,9,Potential Loyalists
5251,2025-06-30,184,4,14390.672000000002,2,2,5,9,Potential Loyalists
5252,2025-06-16,198,7,9908.783,2,4,4,10,Loyal Customers
5253,2025-11-29,32,3,1527.2235,5,1,1,7,Potential Loyalists
5254,2025-10-14,78,6,10598.98,3,3,4,10,Loyal Customers
5255,2025-01-19,346,3,11233.722000000002,1,1,4,6,At Risk
5256,2025-09-03,119,5,4196.9220000000005,3,3,2,8,Potential Loyalists
5257,2025-12-23,8,9,20143.1875,5,5,5,15,Champions
5258,2025-06-19,195,9,18730.821,2,5,5,12,Loyal Customers
5259,2025-10-31,61,5,13608.676,4,3,5,12,Loyal Customers
5260,2025-01-18,347,3,3601.1549999999997,1,1,1,3,Lost Customers
5261,2025-08-22,131,5,3332.1684999999998,3,3,1,7,Potential Loyalists
5262,2025-07-26,158,6,9617.0985,2,3,4,9,Potential Loyalists
5263,2025-12-20,11,8,11948.173999999999,5,5,4,14,Champions
5264,2025-09-06,116,5,8565.112500000001,3,3,3,9,Potential Loyalists
5265,2025-08-04,149,2,822.9404999999999,2,1,1,4,Lost Customers
5266,2025-09-17,105,7,15486.774999999998,3,4,5,12,Loyal Customers
5267,2025-09-01,121,3,1387.6064999999999,3,1,1,5,At Risk
5268,2024-04-07,633,3,6785.499,1,1,3,5,At Risk
5269,2025-10-03,89,6,5863.222,3,3,2,8,Potential Loyalists
5270,2025-03-18,288,3,2564.973,1,1,1,3,Lost Customers
5271,2025-12-09,22,5,7027.6224999999995,5,3,3,11,Loyal Customers
5272,2025-11-27,34,11,12714.812,4,5,5,14,Champions
5273,2025-07-10,174,6,6407.9855,2,3,3,8,Potential Loyalists
5274,2025-06-19,195,4,5006.1990000000005,2,2,2,6,At Risk
5275,2025-10-14,78,3,6689.918,3,1,3,7,Potential Loyalists
5276,2025-07-24,160,6,15814.087000000001,2,3,5,10,Loyal Customers
5277,2025-12-29,2,8,11579.657000000001,5,5,4,14,Champions
5278,2025-09-28,94,3,9998.351,3,1,4,8,Potential Loyalists
5279,2025-11-12,49,5,6777.7210000000005,4,3,3,10,Loyal Customers
5280,2025-03-11,295,1,5017.368,1,1,2,4,Lost Customers
5281,2025-11-23,38,5,14562.309,4,3,5,12,Loyal Customers
5282,2025-06-03,211,8,11131.681,2,5,4,11,Loyal Customers
5283,2025-11-06,55,4,4223.3235,4,2,2,8,Potential Loyalists
5284,2025-12-26,5,4,3095.1499999999996,5,2,1,8,Potential Loyalists
5285,2025-04-29,246,5,11281.028,1,3,4,8,Potential Loyalists
5286,2025-05-23,222,6,8975.137999999999,2,3,3,8,Potential Loyalists
5287,2025-11-28,33,4,2565.7475,4,2,1,7,Potential Loyalists
5288,2025-07-29,155,7,12241.777,2,4,4,10,Loyal Customers
5289,2025-11-29,32,5,16098.765,5,3,5,13,Champions
5290,2025-03-22,284,2,5658.558000000001,1,1,2,4,Lost Customers
5291,2025-12-08,23,6,10204.289,5,3,4,12,Loyal Customers
5292,2025-06-03,211,2,3309.87,2,1,1,4,Lost Customers
5293,2025-12-19,12,7,20388.102,5,4,5,14,Champions
5294,2025-06-13,201,1,1459.98,2,1,1,4,Lost Customers
5295,2025-12-21,10,6,12020.092,5,3,4,12,Loyal Customers
5296,2024-12-27,369,2,4595.535000000001,1,1,2,4,Lost Customers
5297,2024-07-07,542,1,202.536,1,1,1,3,Lost Customers
5298,2025-09-14,108,4,4326.627,3,2,2,7,Potential Loyalists
5299,2025-12-22,9,4,16380.510999999999,5,2,5,12,Loyal Customers
5300,2025-11-13,48,9,24663.115999999998,4,5,5,14,Champions
5301,2025-08-22,131,5,5944.846,3,3,2,8,Potential Loyalists
5302,2025-10-19,73,11,10517.331,4,5,4,13,Champions
5303,2025-08-25,128,5,3513.9335,3,3,1,7,Potential Loyalists
5304,2025-07-04,180,4,4578.275,2,2,2,6,At Risk
5305,2025-03-17,289,2,7493.41,1,1,3,5,At Risk
5306,2025-12-26,5,8,5670.6465,5,5,2,12,Loyal Customers
5307,2025-10-01,91,6,8956.800500000001,3,3,3,9,Potential Loyalists
5308,2025-12-27,4,4,3903.7474999999995,5,2,2,9,Potential Loyalists
5309,2025-10-18,74,8,6523.9055,4,5,3,12,Loyal Customers
5310,2025-12-05,26,4,4962.764999999999,5,2,2,9,Potential Loyalists
5311,2025-11-28,33,3,4500.072,4,1,2,7,Potential Loyalists
5312,2025-10-27,65,6,11075.551,4,3,4,11,Loyal Customers
5313,2025-10-02,90,3,8450.312,3,1,3,7,Potential Loyalists
5314,2025-10-10,82,10,13285.047,3,5,5,13,Champions
5315,2025-10-16,76,2,1008.844,4,1,1,6,At Risk
5316,2025-12-27,4,7,16894.6785,5,4,5,14,Champions
5317,2025-03-02,304,2,1284.9225,1,1,1,3,Lost Customers
5318,2025-09-16,106,9,17292.898,3,5,5,13,Champions
5319,2025-12-31,0,9,14306.675,5,5,5,15,Champions
5320,2025-09-24,98,9,6676.704,3,5,3,11,Loyal Customers
5321,2025-12-30,1,3,4781.332,5,1,2,8,Potential Loyalists
5322,2025-03-13,293,6,7219.933,1,3,3,7,Potential Loyalists
5323,2025-07-05,179,6,10681.5575,2,3,4,9,Potential Loyalists
5324,2024-12-12,384,3,7688.8279999999995,1,1,3,5,At Risk
5325,2025-12-06,25,4,9523.020999999999,5,2,4,11,Loyal Customers
5326,2025-02-18,316,4,13645.998500000002,1,2,5,8,Potential Loyalists
5327,2025-02-21,313,2,1340.769,1,1,1,3,Lost Customers
5328,2025-11-27,34,11,10001.356,4,5,4,13,Champions
5329,2025-09-02,120,4,5469.7880000000005,3,2,2,7,Potential Loyalists
5330,2025-07-06,178,7,9582.355000000001,2,4,4,10,Loyal Customers
5331,2025-04-01,274,4,11046.8425,1,2,4,7,Potential Loyalists
5332,2025-12-12,19,3,4698.6545,5,1,2,8,Potential Loyalists
5333,2025-10-01,91,4,13601.278,3,2,5,10,Loyal Customers
5334,2025-10-19,73,5,1666.9334999999999,4,3,1,8,Potential Loyalists
5335,2025-07-31,153,1,1980.2084999999997,2,1,1,4,Lost Customers
5336,2025-06-02,212,6,27709.17,2,3,5,10,Loyal Customers
5337,2025-11-18,43,4,5293.089,4,2,2,8,Potential Loyalists
5338,2025-11-10,51,6,10529.128,4,3,4,11,Loyal Customers
5339,2025-01-21,344,3,3147.303,1,1,1,3,Lost Customers
5340,2025-08-02,151,6,13153.572,2,3,5,10,Loyal Customers
5341,2025-09-21,101,3,2779.819,3,1,1,5,At Risk
5342,2025-10-05,87,5,7883.386,3,3,3,9,Potential Loyalists
5343,2025-09-12,110,8,10596.4605,3,5,4,12,Loyal Customers
5344,2025-02-10,324,2,2497.304,1,1,1,3,Lost Customers
5345,2025-12-07,24,7,13960.695000000002,5,4,5,14,Champions
5346,2025-11-01,60,5,16969.993,4,3,5,12,Loyal Customers
5347,2025-12-06,25,3,3241.138,5,1,1,7,Potential Loyalists
5348,2025-08-09,144,5,11929.586,2,3,4,9,Potential Loyalists
5349,2025-09-14,108,4,6511.693,3,2,3,8,Potential Loyalists
5350,2024-06-04,575,1,398.677,1,1,1,3,Lost Customers
5351,2025-10-16,76,5,3182.2435,4,3,1,8,Potential Loyalists
5352,2025-12-24,7,3,2557.3340000000003,5,1,1,7,Potential Loyalists
5353,2025-11-30,31,2,4832.507499999999,5,1,2,8,Potential Loyalists
5354,2025-07-07,177,2,3239.7700000000004,2,1,1,4,Lost Customers
5355,2025-12-17,14,6,6062.467,5,3,2,10,Loyal Customers
5356,2025-08-15,138,3,2170.855,2,1,1,4,Lost Customers
5357,2025-11-15,46,5,5844.369500000001,4,3,2,9,Potential Loyalists
5358,2025-10-15,77,5,4572.521,4,3,2,9,Potential Loyalists
5359,2025-12-17,14,10,26544.313499999997,5,5,5,15,Champions
5360,2025-10-25,67,5,13308.537,4,3,5,12,Loyal Customers
5361,2025-12-11,20,7,15810.532,5,4,5,14,Champions
5362,2025-08-21,132,5,8129.15,2,3,3,8,Potential Loyalists
5363,2025-12-14,17,7,8120.68,5,4,3,12,Loyal Customers
5364,2025-09-10,112,7,7758.167,3,4,3,10,Loyal Customers
5365,2025-09-18,104,7,6627.296,3,4,3,10,Loyal Customers
5366,2025-12-06,25,6,5675.7625,5,3,2,10,Loyal Customers
5367,2024-11-01,425,2,2156.736,1,1,1,3,Lost Customers
5368,2025-10-26,66,5,17508.1695,4,3,5,12,Loyal Customers
5369,2025-12-26,5,8,9160.651,5,5,3,13,Champions
5370,2025-11-19,42,6,9713.744999999999,4,3,4,11,Loyal Customers
5371,2025-09-24,98,6,7357.8885,3,3,3,9,Potential Loyalists
5373,2025-11-23,38,2,6990.3375,4,1,3,8,Potential Loyalists
5374,2025-12-04,27,6,13397.141,5,3,5,13,Champions
5375,2025-11-28,33,7,10591.1155,4,4,4,12,Loyal Customers
5376,2025-02-07,327,2,2582.5085000000004,1,1,1,3,Lost Customers
5378,2025-12-15,16,6,12797.746000000001,5,3,5,13,Champions
5379,2025-10-07,85,4,4079.8055000000004,3,2,2,7,Potential Loyalists
5380,2025-06-29,185,5,5317.308,2,3,2,7,Potential Loyalists
5381,2025-08-25,128,7,14989.8675,3,4,5,12,Loyal Customers
5382,2025-12-21,10,9,31582.966500000002,5,5,5,15,Champions
5383,2024-12-18,378,3,6021.1235,1,1,2,4,Lost Customers
5384,2025-12-30,1,11,16607.0705,5,5,5,15,Champions
5385,2025-03-27,279,8,18141.524999999998,1,5,5,11,Loyal Customers
5386,2025-12-13,18,4,8953.517,5,2,3,10,Loyal Customers
5387,2025-11-05,56,6,4053.3835,4,3,2,9,Potential Loyalists
5388,2025-08-12,141,5,7122.082,2,3,3,8,Potential Loyalists
5389,2025-10-21,71,4,3759.417,4,2,2,8,Potential Loyalists
5390,2025-06-15,199,4,9103.616,2,2,3,7,Potential Loyalists
5391,2025-11-03,58,2,587.03,4,1,1,6,At Risk
5392,2025-09-09,113,6,10704.6185,3,3,4,10,Loyal Customers
5393,2025-07-04,180,4,6742.624,2,2,3,7,Potential Loyalists
5394,2025-10-07,85,7,16676.386000000002,3,4,5,12,Loyal Customers
5395,2025-01-10,355,4,13313.045,1,2,5,8,Potential Loyalists
5396,2025-11-25,36,3,5651.41,4,1,2,7,Potential Loyalists
5397,2025-12-30,1,5,8951.9125,5,3,3,11,Loyal Customers
5398,2024-10-20,437,4,5480.610000000001,1,2,2,5,At Risk
5399,2025-11-30,31,9,7675.1145,5,5,3,13,Champions
5400,2025-09-04,118,3,3949.677,3,1,2,6,At Risk
5401,2025-12-21,10,7,18607.781,5,4,5,14,Champions
5402,2025-06-25,189,6,7347.494,2,3,3,8,Potential Loyalists
5403,2025-05-17,228,7,9230.672999999999,1,4,4,9,Potential Loyalists
5404,2025-11-17,44,6,10079.0815,4,3,4,11,Loyal Customers
5405,2025-05-06,239,5,5198.831,1,3,2,6,At Risk
5406,2025-06-23,191,3,1789.8585,2,1,1,4,Lost Customers
5407,2025-03-24,282,3,3795.159,1,1,2,4,Lost Customers
5408,2025-10-14,78,3,2415.9584999999997,3,1,1,5,At Risk
5409,2025-04-09,266,5,10923.9445,1,3,4,8,Potential Loyalists
5410,2025-11-04,57,5,9417.6065,4,3,4,11,Loyal Customers
5411,2024-07-27,522,1,4018.455,1,1,2,4,Lost Customers
5412,2025-07-23,161,6,16112.1575,2,3,5,10,Loyal Customers
5413,2025-08-05,148,6,11934.722500000002,2,3,4,9,Potential Loyalists
5414,2025-09-17,105,4,7686.9595,3,2,3,8,Potential Loyalists
5415,2025-11-13,48,8,9362.621000000001,4,5,4,13,Champions
5416,2025-09-13,109,2,1637.526,3,1,1,5,At Risk
5417,2025-07-17,167,2,3152.916,2,1,1,4,Lost Customers
5418,2025-11-22,39,6,8891.592,4,3,3,10,Loyal Customers
5419,2025-08-05,148,7,9597.876,2,4,4,10,Loyal Customers
5420,2025-11-05,56,7,14374.333,4,4,5,13,Champions
5421,2025-10-20,72,6,20233.11,4,3,5,12,Loyal Customers
5422,2025-08-04,149,3,3036.4039999999995,2,1,1,4,Lost Customers
5423,2025-12-28,3,3,7107.183999999999,5,1,3,9,Potential Loyalists
5424,2025-06-03,211,3,13780.9565,2,1,5,8,Potential Loyalists
5425,2025-11-04,57,7,13612.992,4,4,5,13,Champions
5426,2025-12-09,22,7,11753.603500000001,5,4,4,13,Champions
5427,2025-11-21,40,6,9710.353000000001,4,3,4,11,Loyal Customers
5428,2025-12-20,11,8,11829.261,5,5,4,14,Champions
5429,2025-01-29,336,6,5020.865,1,3,2,6,At Risk
5430,2025-10-08,84,3,477.31,3,1,1,5,At Risk
5431,2025-10-01,91,4,6457.901,3,2,3,8,Potential Loyalists
5432,2025-09-07,115,4,4423.084,3,2,2,7,Potential Loyalists
5433,2025-01-12,353,4,12394.52,1,2,4,7,Potential Loyalists
5434,2025-09-21,101,12,18378.3695,3,5,5,13,Champions
5435,2025-11-08,53,9,11047.356,4,5,4,13,Champions
5436,2025-10-15,77,7,9508.810000000001,4,4,4,12,Loyal Customers
5437,2025-11-06,55,3,4394.034,4,1,2,7,Potential Loyalists
5438,2025-12-19,12,8,18251.229,5,5,5,15,Champions
5439,2025-08-13,140,5,6360.9220000000005,2,3,3,8,Potential Loyalists
5440,2025-08-13,140,7,13488.457,2,4,5,11,Loyal Customers
5441,2025-06-11,203,3,8664.9085,2,1,3,6,At Risk
5442,2025-09-01,121,3,1826.1055000000001,3,1,1,5,At Risk
5443,2025-04-29,246,5,8933.861499999999,1,3,3,7,Potential Loyalists
5444,2025-10-26,66,6,10882.1315,4,3,4,11,Loyal Customers
5445,2025-06-26,188,3,4572.606,2,1,2,5,At Risk
5446,2025-08-02,151,3,2161.6495,2,1,1,4,Lost Customers
5447,2025-12-04,27,5,7618.923000000001,5,3,3,11,Loyal Customers
5448,2025-07-07,177,2,5619.363,2,1,2,5,At Risk
5449,2025-05-23,222,4,6709.134,2,2,3,7,Potential Loyalists
5450,2025-11-07,54,6,13567.679,4,3,5,12,Loyal Customers
5451,2025-08-02,151,4,10840.060000000001,2,2,4,8,Potential Loyalists
5452,2025-12-08,23,6,4340.1215,5,3,2,10,Loyal Customers
5453,2024-09-06,481,4,10983.096000000001,1,2,4,7,Potential Loyalists
5454,2025-07-08,176,2,3387.776,2,1,1,4,Lost Customers
5455,2025-10-07,85,10,11409.1725,3,5,4,12,Loyal Customers
5456,2025-04-05,270,4,6336.264000000001,1,2,3,6,At Risk
5457,2024-08-12,506,1,457.55,1,1,1,3,Lost Customers
5458,2025-12-14,17,3,2519.3199999999997,5,1,1,7,Potential Loyalists
5459,2025-05-15,230,5,10603.85,1,3,4,8,Potential Loyalists
5460,2025-08-17,136,6,8624.286999999998,2,3,3,8,Potential Loyalists
5461,2025-11-24,37,8,15679.0625,4,5,5,14,Champions
5462,2025-10-19,73,6,11904.818,4,3,4,11,Loyal Customers
5463,2025-04-15,260,6,12921.104000000001,1,3,5,9,Potential Loyalists
5464,2025-11-08,53,7,3571.8999999999996,4,4,1,9,Potential Loyalists
5465,2025-12-28,3,6,4201.348,5,3,2,10,Loyal Customers
5466,2025-12-27,4,3,1508.3729999999998,5,1,1,7,Potential Loyalists
5467,2025-04-21,254,3,4905.3505000000005,1,1,2,4,Lost Customers
5468,2025-10-31,61,5,11312.035,4,3,4,11,Loyal Customers
5469,2025-08-31,122,6,21514.895,3,3,5,11,Loyal Customers
5470,2025-03-21,285,5,6957.1410000000005,1,3,3,7,Potential Loyalists
5471,2025-07-26,158,6,10597.076000000001,2,3,4,9,Potential Loyalists
5472,2025-11-22,39,8,11221.5915,4,5,4,13,Champions
5473,2025-08-12,141,6,13380.883999999998,2,3,5,10,Loyal Customers
5474,2025-02-13,321,3,4592.456,1,1,2,4,Lost Customers
5475,2025-12-09,22,7,10195.3775,5,4,4,13,Champions
5476,2025-02-25,309,4,1616.2659999999998,1,2,1,4,Lost Customers
5477,2025-11-23,38,5,14708.112,4,3,5,12,Loyal Customers
5478,2025-05-02,243,7,15394.307499999997,1,4,5,10,Loyal Customers
5479,2025-11-19,42,9,8020.127,4,5,3,12,Loyal Customers
5480,2025-10-12,80,3,3394.2999999999997,3,1,1,5,At Risk
5481,2025-09-05,117,2,1344.5,3,1,1,5,At Risk
5482,2025-04-28,247,6,18585.203,1,3,5,9,Potential Loyalists
5483,2025-11-30,31,6,8296.597,5,3,3,11,Loyal Customers
5484,2025-09-04,118,6,7672.1645,3,3,3,9,Potential Loyalists
5485,2025-12-14,17,6,11592.5785,5,3,4,12,Loyal Customers
5486,2025-05-23,222,5,7760.7075,2,3,3,8,Potential Loyalists
5487,2025-06-14,200,5,8238.534,2,3,3,8,Potential Loyalists
5488,2025-09-06,116,4,13878.8685,3,2,5,10,Loyal Customers
5489,2025-05-08,237,4,5475.7970000000005,1,2,2,5,At Risk
5490,2025-08-14,139,4,4736.135,2,2,2,6,At Risk
5491,2025-09-29,93,5,7375.674,3,3,3,9,Potential Loyalists
5492,2025-05-03,242,3,6343.0705,1,1,3,5,At Risk
5493,2025-11-23,38,7,10607.880500000001,4,4,4,12,Loyal Customers
5494,2025-09-18,104,7,12186.204,3,4,4,11,Loyal Customers
5495,2025-11-26,35,10,25487.292999999998,4,5,5,14,Champions
5496,2025-10-09,83,7,18528.591,3,4,5,12,Loyal Customers
5497,2025-07-22,162,6,16029.223,2,3,5,10,Loyal Customers
5498,2025-11-18,43,10,8092.858,4,5,3,12,Loyal Customers
5499,2025-12-15,16,3,5714.242,5,1,2,8,Potential Loyalists
5500,2025-12-17,14,7,13720.434,5,4,5,14,Champions
5501,2024-08-23,495,1,1306.55,1,1,1,3,Lost Customers
5502,2025-12-03,28,2,2818.4629999999997,5,1,1,7,Potential Loyalists
5503,2025-12-12,19,6,13635.432999999999,5,3,5,13,Champions
5504,2024-09-22,465,2,2358.789,1,1,1,3,Lost Customers
5505,2025-10-05,87,2,4006.06,3,1,2,6,At Risk
5506,2025-12-16,15,8,16423.628,5,5,5,15,Champions
5507,2025-01-14,351,3,4365.442,1,1,2,4,Lost Customers
5508,2025-12-26,5,10,11502.349,5,5,4,14,Champions
5509,2025-10-16,76,6,5466.91,4,3,2,9,Potential Loyalists
5510,2024-10-31,426,6,5837.2545,1,3,2,6,At Risk
5511,2025-12-24,7,4,4559.017,5,2,2,9,Potential Loyalists
5512,2025-07-17,167,2,617.405,2,1,1,4,Lost Customers
5513,2025-02-24,310,9,17772.495,1,5,5,11,Loyal Customers
5514,2024-10-02,455,6,16969.6475,1,3,5,9,Potential Loyalists
5515,2025-12-01,30,5,4985.144499999999,5,3,2,10,Loyal Customers
5516,2025-10-18,74,6,15931.4695,4,3,5,12,Loyal Customers
5517,2025-07-30,154,3,3491.339,2,1,1,4,Lost Customers
5518,2024-07-22,527,1,3561.8399999999997,1,1,1,3,Lost Customers
5519,2025-07-15,169,7,9683.6065,2,4,4,10,Loyal Customers
5520,2025-10-08,84,7,14679.104,3,4,5,12,Loyal Customers
5521,2025-07-20,164,6,12308.737000000001,2,3,4,9,Potential Loyalists
5522,2025-10-02,90,6,9046.726,3,3,3,9,Potential Loyalists
5523,2025-12-26,5,5,5294.472000000001,5,3,2,10,Loyal Customers
5524,2025-07-11,173,7,10691.534,2,4,4,10,Loyal Customers
5525,2025-10-07,85,5,6284.66,3,3,3,9,Potential Loyalists
5526,2025-04-04,271,4,5698.21,1,2,2,5,At Risk
5527,2025-05-22,223,5,5538.471,2,3,2,7,Potential Loyalists
5528,2025-06-11,203,2,6229.362,2,1,3,6,At Risk
5529,2025-09-28,94,4,4907.912499999999,3,2,2,7,Potential Loyalists
5530,2024-07-20,529,1,38.214,1,1,1,3,Lost Customers
5531,2025-07-03,181,6,17007.0985,2,3,5,10,Loyal Customers
5532,2024-11-07,419,4,17948.3585,1,2,5,8,Potential Loyalists
5533,2025-11-13,48,6,12124.15,4,3,4,11,Loyal Customers
5534,2025-05-11,234,3,5713.52,1,1,2,4,Lost Customers
5535,2025-12-22,9,7,7753.3615,5,4,3,12,Loyal Customers
5536,2025-06-19,195,4,9471.444,2,2,4,8,Potential Loyalists
5537,2024-10-23,434,2,1637.952,1,1,1,3,Lost Customers
5538,2025-08-22,131,5,9414.657500000001,3,3,4,10,Loyal Customers
5539,2025-08-24,129,5,7699.710000000001,3,3,3,9,Potential Loyalists
5540,2025-11-25,36,7,9407.4825,4,4,4,12,Loyal Customers
5541,2025-07-21,163,5,8746.071,2,3,3,8,Potential Loyalists
5542,2025-12-04,27,8,13924.809,5,5,5,15,Champions
5543,2024-12-14,382,4,3346.072,1,2,1,4,Lost Customers
5544,2025-01-13,352,4,3599.9539999999997,1,2,1,4,Lost Customers
5545,2025-04-24,251,3,4139.456,1,1,2,4,Lost Customers
5546,2025-05-16,229,5,10098.187999999998,1,3,4,8,Potential Loyalists
5547,2025-06-07,207,10,14998.533,2,5,5,12,Loyal Customers
5548,2025-08-13,140,3,4101.188,2,1,2,5,At Risk
5549,2025-09-21,101,8,16777.423,3,5,5,13,Champions
5550,2025-05-30,215,5,7366.5755,2,3,3,8,Potential Loyalists
5551,2025-12-11,20,7,8809.105,5,4,3,12,Loyal Customers
5553,2025-05-25,220,5,6066.1065,2,3,2,7,Potential Loyalists
5554,2025-10-19,73,6,7255.0455,4,3,3,10,Loyal Customers
5555,2025-10-15,77,4,8259.516,4,2,3,9,Potential Loyalists
5556,2024-10-12,445,2,2082.21,1,1,1,3,Lost Customers
5557,2025-12-09,22,8,8083.374,5,5,3,13,Champions
5558,2025-12-11,20,3,5570.58,5,1,2,8,Potential Loyalists
5559,2025-12-04,27,6,17531.79,5,3,5,13,Champions
5560,2025-12-23,8,9,8437.9255,5,5,3,13,Champions
5561,2025-11-15,46,7,14285.423,4,4,5,13,Champions
5562,2024-10-09,448,3,3806.898,1,1,2,4,Lost Customers
5563,2025-06-23,191,4,2750.886,2,2,1,5,At Risk
5564,2025-08-14,139,2,9768.137499999999,2,1,4,7,Potential Loyalists
5565,2025-11-23,38,6,6544.5805,4,3,3,10,Loyal Customers
5566,2025-11-06,55,8,11624.587,4,5,4,13,Champions
5567,2025-12-23,8,6,12901.437,5,3,5,13,Champions
5568,2025-10-05,87,6,5411.127,3,3,2,8,Potential Loyalists
5569,2025-10-09,83,2,799.7760000000001,3,1,1,5,At Risk
5570,2025-04-12,263,7,9538.984,1,4,4,9,Potential Loyalists
5571,2025-12-31,0,6,18213.958,5,3,5,13,Champions
5572,2025-12-17,14,5,4174.271,5,3,2,10,Loyal Customers
5573,2025-12-29,2,5,6278.032999999999,5,3,3,11,Loyal Customers
5574,2025-11-29,32,10,29987.313000000002,5,5,5,15,Champions
5575,2025-11-18,43,5,6606.713,4,3,3,10,Loyal Customers
5576,2025-11-16,45,6,5172.946,4,3,2,9,Potential Loyalists
5577,2025-11-22,39,5,15419.615999999998,4,3,5,12,Loyal Customers
5578,2025-09-15,107,8,12327.169,3,5,4,12,Loyal Customers
5579,2025-10-26,66,3,4313.386,4,1,2,7,Potential Loyalists
5580,2025-04-30,245,1,187.65,1,1,1,3,Lost Customers
5581,2025-06-05,209,7,5716.423,2,4,2,8,Potential Loyalists
5582,2025-11-30,31,6,11757.919,5,3,4,12,Loyal Customers
5583,2025-09-23,99,4,3347.1605,3,2,1,6,At Risk
5584,2025-12-24,7,10,18688.619,5,5,5,15,Champions
5585,2024-09-17,470,2,737.808,1,1,1,3,Lost Customers
5586,2025-09-25,97,4,5014.3150000000005,3,2,2,7,Potential Loyalists
5587,2025-08-30,123,7,14266.482,3,4,5,12,Loyal Customers
5588,2025-09-19,103,10,21969.3305,3,5,5,13,Champions
5589,2025-12-30,1,7,3125.007,5,4,1,10,Loyal Customers
5590,2024-11-21,405,3,2763.1859999999997,1,1,1,3,Lost Customers
5591,2025-12-10,21,3,4911.558,5,1,2,8,Potential Loyalists
5592,2025-08-06,147,5,8688.32,2,3,3,8,Potential Loyalists
5593,2024-10-23,434,3,4214.064,1,1,2,4,Lost Customers
5594,2025-06-30,184,3,9227.5365,2,1,4,7,Potential Loyalists
5595,2025-09-26,96,6,15528.2575,3,3,5,11,Loyal Customers
5596,2025-10-14,78,8,9069.199999999999,3,5,3,11,Loyal Customers
5597,2025-10-19,73,6,10662.524,4,3,4,11,Loyal Customers
5598,2025-12-22,9,1,147.687,5,1,1,7,Potential Loyalists
5599,2025-03-26,280,1,235.43849999999998,1,1,1,3,Lost Customers
5600,2025-04-19,256,2,3987.362,1,1,2,4,Lost Customers
